1,"ACCUEIL",,"o"
2,"ENTRETIEN FAMILIAL",,"o"
3,"BILAN PSYCHOLOGIQUE",,"o"
4,"ENTRETIEN PROFESSIONNEL EXTERIEUR",,"o"
5,"OBSERVATION à l'APS",,"o"
6,"ENTRETIEN TELEPHONIQUE PROFESSIONNEL",,"o"
7,"SYNTHESE",,"o"
8,"SEQUENCE EDUCATIVE APS",,"o"
9,"SEQUENCE EDUCATIVE ECOLE",,"o"
10,"SEQUENCE EDUCATIVE LIEUX DE SOCIALISATION",,"o"
11,"SEQUENCE EDUCATIVE DOMICILE",,"o"
12,"SYNTHESE AVEC INTERVENANT EXTERIEUR",,"o"
13,"MINI SYNTHESE",,"o"
14,"ESS ",,"o"
16,"TRAVAIL PERSONNEL",,"o"
17,"GROUPE xxxxxxxxx",,"o"
19,"CO-PRISE EN CHARGE",,"o"
20,"ENTRETIEN TELEPHONIQUE FAMILLE",,"o"
21,"GROUPE GOUTER",,"o"
22,"OBSERVATION au DOMICILE",,"o"
23,"OBSERVATION à l'ECOLE",,"o"
24,"OBSERVATION SUR LE LIEU DE SOCIALISATION",,"o"
